,locus.contig,locus.position,rsid,alleles,maf
0,chr2,214730440,rs3738888,"['G', 'A']",0.013452914798206279
1,chr2,214752454,rs28997576,"['C', 'G']",0.06622516556291391
2,chr2,214767531,rs2070094,"['C', 'T']",0.3329764453961456
3,chr2,214780740,rs2229571,"['C', 'G']",0.37254901960784315
4,chr2,214780778,rs28997575,"['GTGGTGAAGAACATTCAGGCAA', 'G']",0.007692307692307693
5,chr2,214809500,rs1048108,"['G', 'A']",0.31398809523809523
6,chr5,132575843,rs28903085,"['A', 'C']",0.019067796610169493
7,chr5,132589721,rs149217423,"['A', 'G']",0.003926701570680628
8,chr8,89971232,rs34767364,"['G', 'A']",0.015957446808510637
9,chr8,89971247,rs61754796,"['C', 'A']",0.023454157782515993
10,chr8,89978251,rs1805794,"['C', 'G']",0.3626609442060086
11,chr11,94459433,rs61749249,"['G', 'T']",0.0462085308056872
12,chr13,32332343,rs766173,"['A', 'C']",0.00980392156862745
13,chr13,32332592,rs144848,"['A', 'C']",0.29617117117117114
14,chr13,32337326,rs1799944,"['A', 'G']",0.010250569476082005
15,chr13,32338613,rs28897727,"['G', 'T']",0.011286681715575621
16,chr13,32340099,rs4987117,"['C', 'T']",0.004282655246252677
17,chr13,32363384,rs28897749,"['G', 'A']",0.008948545861297539
18,chr13,32379413,rs11571769,"['G', 'A']",0.0022172949002217295
19,chr16,23624049,rs45624036,"['C', 'T']",0.009782608695652175
20,chr16,23629865,rs373478248,"['C', 'G']",0.00331858407079646
21,chr16,23635536,rs45494092,"['A', 'G']",0.03056768558951965
22,chr16,68811743,rs142822590,"['G', 'A']",0.027777777777777776
23,chr16,68822138,rs33935154,,
24,chr16,68828235,None,,
25,chr17,7676154,rs1042522,"['G', 'C']",0.26498422712933756
26,chr17,43070958,rs1799967,"['C', 'T']",0.004338394793926247
27,chr17,43071077,rs1799966,"['T', 'C']",0.3
28,chr17,43074471,rs1800744,"['C', 'A']",0.006818181818181818
29,chr17,43091983,rs16942,"['T', 'C']",0.2923076923076923
30,chr17,43092412,rs4986852,"['C', 'T']",0.02145922746781116
31,chr17,43092418,rs16941,"['T', 'C']",0.2974137931034483
32,chr17,43092919,rs799917,"['G', 'A']",0.30345572354211664
33,chr17,43093010,rs1800709,"['G', 'A']",0.011702127659574468
34,chr17,43093449,rs1799949,"['G', 'A']",0.2963362068965517
35,chr17,43093454,rs4986850,"['C', 'T']",0.10599571734475374
36,chr17,43094464,rs1799950,"['T', 'C']",0.03382663847780127
37,chr17,58720767,rs28363317,"['A', 'G']",0.015909090909090907
38,chr17,61685986,rs4986764,"['A', 'G']",0.43991416309012876
39,chr17,61847151,rs4988346,"['C', 'T']",0.014989293361884369
40,chr22,28725099,rs17879961,"['A', 'G']",0.012711864406779662
41,chr22,28734649,rs142243299,"['C', 'T']",0.0035545023696682463
